ID	Description	GeneRatio	BgRatio	pvalue	p.adjust	qvalue	geneID	Count
GO:0005576	extracellular region	133/2575	277/13065	8.03697037889652e-27	9.957806299452788e-24	8.950647011444757e-24	A0A433SQ61/A0A3S0ZL16/A0A433TC93/A0A3S1H3A9/A0A3S1C7Y3/A0A433TIF2/A0A3S1C6B0/A0A3S1AB56/A0A3S1BGI1/A0A433TH16/A0A3S0ZBR5/A0A3S1AZW5/A0A433TAH2/A0A3S1H6H4/A0A3S1HV09/A0A433TX34/A0A3S0ZLS1/A0A3S0ZAL8/A0A3S0ZNG8/A0A3S1BFN2/A0A433TAT5/A0A433TCV9/A0A3S0ZCP2/A0A3S0ZUZ0/A0A3S1BRC4/A0A3S1HNZ9/A0A3S1AYA7/A0A433TAS3/A0A3S1BRX1/A0A3S0ZB04/A0A3S0ZP19/A0A433TUD5/A0A3S1HCF5/A0A433U7P8/A0A3S0ZY35/A0A3S1A7I3/A0A433THH3/A0A433SQ17/A0A433TNJ0/A0A3S0Z5S3/A0A433TP71/A0A3S0ZUS9/A0A3S0ZHG6/A0A3S1AVC4/A0A433TCB3/A0A433TSS1/A0A3S1B6D3/A0A433U5L4/A0A433U067/A0A433TGP7/A0A3S0ZMT7/A0A3S1HFW9/A0A3S1B2Y9/A0A433T787/A0A433TQW0/A0A433TS73/A0A3S0ZMR8/A0A433TCU7/A0A3S1A1M4/A0A3S1BH86/A0A3S1A1V0/A0A433U0M9/A0A3S1BL99/A0A3S1BN08/A0A3S1BNS0/A0A3S1BL91/A0A433TDK1/A0A3S1BU72/A0A433UCW3/A0A3S0ZAE1/A0A433U560/A0A3S1BML3/A0A3S1AZK5/A0A433TY09/A0A433TQS0/A0A3S0ZQF9/A0A433TC42/A0A433TT32/A0A3S1BJJ6/A0A3S1A0L4/A0A3S1HTB4/A0A3S1HU29/A0A433SYY6/A0A3S1BTW7/A0A433UD25/A0A3S0ZBZ8/A0A3S1A0S6/A0A433SMH0/A0A3S1HRL8/A0A433U4T4/A0A433TXM5/A0A3S0ZB15/A0A3S0ZHP9/A0A3S1BBW5/A0A433U7G2/A0A3S0ZA72/A0A433SSX5/A0A3S1BK68/A0A433U854/A0A3S0ZEK1/A0A433U172/A0A3S1BGI9/A0A433SLD9/A0A3S1BJM2/A0A433SV92/A0A433T2F1/A0A3S1A566/A0A3S0ZIS6/A0A3S0ZAY7/A0A433TDL2/A0A433TVU7/A0A433SW28/A0A3S1HZQ2/A0A433TPW7/A0A433T5Q7/A0A433U7V9/A0A3S1BQX3/A0A3S1BM32/A0A433TRL5/A0A3S0ZL87/A0A3S0ZEK9/A0A3S1CAM6/A0A3S0ZKB3/A0A433SSX4/A0A433TVQ7/A0A3S0Z8U0/A0A433SV88/A0A3S0ZYI9/A0A3S0ZTU9/A0A3S1BFP5/A0A433T9A6/A0A3S1BPX6/A0A3S1B499	133
GO:0004930	G protein-coupled receptor activity	176/2575	468/13065	4.283328494737672e-20	2.6535220024899877e-17	2.3851376565433984e-17	A0A3S0ZUN9/A0A433SJW7/A0A433TMI3/A0A433TD93/A0A3S1BLU1/A0A3S1BLR2/A0A3S0ZBG9/A0A3S0Z8T4/A0A3S1BVN2/A0A3S1C309/A0A3S0ZSU1/A0A3S1B1B0/A0A3S0ZML5/A0A433STN7/A0A433SSJ2/A0A3S1AUE3/A0A433UEC6/A0A3S1BJJ9/A0A3S1BSA2/A0A3S1AFD6/A0A3S1BC58/A0A3S1BTC0/A0A433T858/A0A433U3S6/A0A3S1BI47/A0A3S1HWE0/A0A433TLM9/A0A3S0ZCX2/A0A433TYL0/A0A3S1BU84/A0A433SYB8/A0A3S0ZJT8/A0A3S1AXT8/A0A433TB26/A0A3S0ZVU5/A0A3S0ZNE4/A0A3S1BDM4/A0A3S0ZYI3/A0A433U7I4/A0A3S1HMS9/A0A3S1A224/A0A3S1B3S7/A0A3S1BE42/A0A3S0ZND6/A0A433TTH3/A0A3S1BFK0/A0A3S1BMD0/A0A3S1H1J9/A0A433TRQ3/A0A3S0ZQL0/A0A3S1B7X9/A0A3S1I2I6/A0A3S0ZLE8/A0A3S1H3T4/A0A433U696/A0A3S1A845/A0A433T126/A0A3S0ZVF5/A0A433TE54/A0A433SJH7/A0A3S1BR92/A0A3S1B2W6/A0A3S1BAM9/A0A3S1HSP4/A0A433SNR7/A0A433U8A8/A0A433TGL5/A0A3S1AGK4/A0A3S1AH96/A0A3S1B1W8/A0A433SR85/A0A3S1C7Q0/A0A3S1CGJ1/A0A3S0ZST4/A0A3S1BUP6/A0A433SSR7/A0A3S1BFA4/A0A3S1BRD6/A0A433U602/A0A3S0ZWK6/A0A3S1AVW8/A0A3S1A3X5/A0A433SX56/A0A3S0ZHQ5/A0A3S1BA05/A0A3S1HCG7/A0A3S0ZSP9/A0A433T5J3/A0A3S0ZL41/A0A433TJT2/A0A3S1C5Z6/A0A433TT64/A0A433U6C5/A0A3S0ZHE7/A0A3S1BQU5/A0A433U1U9/A0A3S1HZ67/A0A3S1AZ43/A0A433TRG9/A0A3S0ZH40/A0A3S0ZDM2/A0A433SZ89/A0A433U3T5/A0A3S1BMT8/A0A433UCK6/A0A433TXK8/A0A433TK80/A0A3S0ZYM1/A0A3S0ZCE3/A0A433TT71/A0A433T079/A0A433U3W6/A0A433TBI6/A0A433SN70/A0A3S1BZ32/A0A3S1A145/A0A433SKG7/A0A433SM61/A0A433TDT4/A0A3S1B5V7/A0A3S1I1X2/A0A433TLW4/A0A433T1C6/A0A3S1AXI7/A0A433TJ46/A0A433SU23/A0A3S1B1E4/A0A433T5N9/A0A433UB74/A0A433TWL8/A0A433T4M1/A0A433TIJ3/A0A3S0ZSD7/A0A433U5X8/A0A3S1BZ79/A0A3S1BWT4/A0A433TNR1/A0A433TQ23/A0A3S0ZSY2/A0A3S1AQD3/A0A3S1H2T9/A0A433SQ72/A0A3S1BVI6/A0A433SQ85/A0A433TQ53/A0A3S1C4R2/A0A433U4A3/A0A3S1B4A2/A0A433T6S2/A0A3S0ZXR4/A0A3S0Z9K1/A0A3S1BU89/A0A433TJL9/A0A3S1BW04/A0A433UA78/A0A3S1AEY7/A0A3S0ZEH7/A0A433U9S8/A0A433TJN2/A0A3S0ZE21/A0A433TPJ8/A0A433UAT7/A0A3S0ZVX1/A0A3S1HNE0/A0A3S1BLK7/A0A433SN55/A0A433TBF0/A0A433UDC8/A0A433TUB0/A0A3S1BJV9/A0A3S0ZP24/A0A3S0ZLT1/A0A433U299/A0A3S0ZYJ4/A0A3S0ZKH8/A0A433U773	176
GO:0007186	G protein-coupled receptor signaling pathway	180/2575	497/13065	1.5705015231374214e-18	6.48617129055755e-16	5.83014249641892e-16	A0A3S0ZUN9/A0A433SJW7/A0A433TMI3/A0A433TD93/A0A3S1BLU1/A0A3S1BLR2/A0A3S0ZBG9/A0A3S0Z8T4/A0A3S1BVN2/A0A3S1C309/A0A3S0ZSU1/A0A3S1B1B0/A0A3S0ZML5/A0A433STN7/A0A433SSJ2/A0A3S1AUE3/A0A433UEC6/A0A3S1BJJ9/A0A3S1BSA2/A0A3S1AFD6/A0A3S1BC58/A0A3S1BTC0/A0A433T858/A0A433U3S6/A0A3S1BI47/A0A3S1HWE0/A0A433TLM9/A0A3S0ZCX2/A0A433TYL0/A0A3S1BU84/A0A433SYB8/A0A3S0ZJT8/A0A3S1AXT8/A0A433TB26/A0A3S0ZVU5/A0A3S0ZNE4/A0A3S1BDM4/A0A3S0ZYI3/A0A433U7I4/A0A3S1HMS9/A0A3S1A224/A0A3S1B3S7/A0A3S1BE42/A0A3S0ZND6/A0A433TTH3/A0A3S1BFK0/A0A3S1BMD0/A0A3S1H1J9/A0A433TRQ3/A0A3S0ZQL0/A0A3S1B7X9/A0A3S1I2I6/A0A3S0ZLE8/A0A3S1H3T4/A0A433U696/A0A3S1A845/A0A433T126/A0A3S0ZVF5/A0A433TE54/A0A433SJH7/A0A3S1BR92/A0A3S1B2W6/A0A3S1BAM9/A0A3S1HSP4/A0A433SNR7/A0A433U8A8/A0A433TGL5/A0A3S1AGK4/A0A3S1AH96/A0A3S1B1W8/A0A433SR85/A0A3S1C7Q0/A0A3S1CGJ1/A0A3S0ZST4/A0A3S1BUP6/A0A433SSR7/A0A3S1BFA4/A0A3S1BRD6/A0A433U602/A0A3S0ZWK6/A0A3S1AVW8/A0A3S1A3X5/A0A433SX56/A0A3S0ZHQ5/A0A3S1BA05/A0A3S1HCG7/A0A3S0ZSP9/A0A433T5J3/A0A3S0ZL41/A0A433TJT2/A0A3S1C5Z6/A0A433TT64/A0A433U6C5/A0A3S0ZHE7/A0A3S1BQU5/A0A433U1U9/A0A3S1HZ67/A0A3S1AZ43/A0A433TRG9/A0A3S0ZH40/A0A3S0ZDM2/A0A433SZ89/A0A433U3T5/A0A3S1BMT8/A0A433UCK6/A0A433TXK8/A0A433TK80/A0A3S0ZYM1/A0A3S0ZCE3/A0A433TT71/A0A433T079/A0A433U3W6/A0A433TBI6/A0A433SN70/A0A3S1BZ32/A0A3S1A145/A0A433SKG7/A0A433SM61/A0A433TDT4/A0A433TQW0/A0A3S1B5V7/A0A3S1I1X2/A0A433TLW4/A0A433T1C6/A0A3S1AXI7/A0A433TJ46/A0A433SU23/A0A3S1B1E4/A0A433T5N9/A0A433UB74/A0A433TWL8/A0A433T4M1/A0A433TIJ3/A0A3S0ZSD7/A0A433U5X8/A0A3S1BZ79/A0A3S1BWT4/A0A433TNR1/A0A433TQ23/A0A3S0ZSY2/A0A3S1AQD3/A0A3S1H2T9/A0A433SQ72/A0A3S1BVI6/A0A433SQ85/A0A433TQ53/A0A3S1C4R2/A0A433U4A3/A0A3S1B4A2/A0A433T6S2/A0A3S0ZXR4/A0A3S0Z9K1/A0A3S1BU89/A0A433TJL9/A0A3S1BW04/A0A433UA78/A0A3S1AEY7/A0A3S0ZEH7/A0A433U9S8/A0A433TJN2/A0A3S0ZE21/A0A433TPJ8/A0A433UAT7/A0A3S0ZVX1/A0A3S1HNE0/A0A3S1BLK7/A0A433SN55/A0A433TBF0/A0A433UDC8/A0A433TUB0/A0A3S1BJV9/A0A3S0ZP24/A0A3S0ZLT1/A0A433U299/A0A3S0ZYJ4/A0A433U7V9/A0A3S1BM32/A0A3S0ZKH8/A0A433U773/A0A433T9A6	180
GO:0008061	chitin binding	43/2575	71/13065	4.482437839755617e-14	1.3884351208643024e-11	1.2480050617003798e-11	A0A3S0ZAL8/A0A3S0ZCP2/A0A3S1AYA7/A0A3S0ZHG6/A0A433TCB3/A0A433TGP7/A0A3S1HFW9/A0A3S1B2Y9/A0A3S1BL99/A0A3S1BNS0/A0A3S1BL91/A0A3S1I3Q3/A0A433UCW3/A0A3S1B1Q3/A0A433TT32/A0A3S0Z744/A0A3S1A0L4/A0A3S0ZXU8/A0A433SYY6/A0A3S1BTW7/A0A433UD25/A0A3S0ZNH5/A0A433SMH0/A0A3S1HRL8/A0A433U7G2/A0A3S0ZEK1/A0A433U172/A0A3S1BJM2/A0A433SV92/A0A3S0ZIS6/A0A433TDL2/A0A433SW28/A0A433T5Q7/A0A3S1BQX3/A0A433TRL5/A0A3S0ZL87/A0A3S1CAM6/A0A433SSX4/A0A433TVQ7/A0A3S0Z8U0/A0A433TKV4/A0A3S1BPX6/A0A3S1B499	43
GO:0015276	ligand-gated monoatomic ion channel activity	49/2575	120/13065	7.879033348775741e-8	1.6270203865221906e-5	1.462459172456971e-5	A0A433TC31/A0A3S1AVG6/A0A3S1ATH0/A0A433TIU6/A0A3S1BBF5/A0A3S1HKM4/A0A433TX36/A0A433T855/A0A3S1A393/A0A3S1C3L6/A0A3S0ZUY9/A0A433U0R8/A0A3S1BXA1/A0A433TRZ6/A0A3S1BRI2/A0A3S1BKG5/A0A433U7U3/A0A433TMI7/A0A3S0ZWN0/A0A433T5K5/A0A3S0ZV71/A0A3S0Z7J8/A0A433T9D5/A0A3S1B2V2/A0A3S1GZ19/A0A433TQS6/A0A3S1BRX8/A0A3S1BNV8/A0A3S0ZSN6/A0A3S0ZNE5/A0A3S1B3Q2/A0A3S1BFS0/A0A3S1BKM9/A0A3S1CB54/A0A3S1BXI0/A0A433U0L0/A0A433SZ85/A0A3S1A2Z1/A0A3S1HGW7/A0A433SNK8/A0A3S0ZBU1/A0A433UB23/A0A3S0ZXJ9/A0A433T9S8/A0A3S1CCX1/A0A433U065/A0A433TJK0/A0A433U097/A0A433TR10	49
GO:0022834	ligand-gated channel activity	49/2575	120/13065	7.879033348775741e-8	1.6270203865221906e-5	1.462459172456971e-5	A0A433TC31/A0A3S1AVG6/A0A3S1ATH0/A0A433TIU6/A0A3S1BBF5/A0A3S1HKM4/A0A433TX36/A0A433T855/A0A3S1A393/A0A3S1C3L6/A0A3S0ZUY9/A0A433U0R8/A0A3S1BXA1/A0A433TRZ6/A0A3S1BRI2/A0A3S1BKG5/A0A433U7U3/A0A433TMI7/A0A3S0ZWN0/A0A433T5K5/A0A3S0ZV71/A0A3S0Z7J8/A0A433T9D5/A0A3S1B2V2/A0A3S1GZ19/A0A433TQS6/A0A3S1BRX8/A0A3S1BNV8/A0A3S0ZSN6/A0A3S0ZNE5/A0A3S1B3Q2/A0A3S1BFS0/A0A3S1BKM9/A0A3S1CB54/A0A3S1BXI0/A0A433U0L0/A0A433SZ85/A0A3S1A2Z1/A0A3S1HGW7/A0A433SNK8/A0A3S0ZBU1/A0A433UB23/A0A3S0ZXJ9/A0A433T9S8/A0A3S1CCX1/A0A433U065/A0A433TJK0/A0A433U097/A0A433TR10	49
GO:0005230	extracellular ligand-gated monoatomic ion channel activity	43/2575	102/13065	1.662000739902837e-7	2.9417413096280215e-5	2.6442056884469203e-5	A0A433TC31/A0A3S1AVG6/A0A3S1ATH0/A0A433TIU6/A0A3S1HKM4/A0A433TX36/A0A433T855/A0A3S1A393/A0A3S1C3L6/A0A3S0ZUY9/A0A433U0R8/A0A3S1BXA1/A0A433TRZ6/A0A3S1BKG5/A0A433U7U3/A0A433TMI7/A0A433T5K5/A0A3S0ZV71/A0A3S0Z7J8/A0A433T9D5/A0A3S1B2V2/A0A3S1GZ19/A0A433TQS6/A0A3S1BRX8/A0A3S1BNV8/A0A3S0ZSN6/A0A3S0ZNE5/A0A3S1BFS0/A0A3S1BKM9/A0A3S1CB54/A0A3S1BXI0/A0A433U0L0/A0A433SZ85/A0A3S1A2Z1/A0A3S1HGW7/A0A433SNK8/A0A3S0ZXJ9/A0A433T9S8/A0A3S1CCX1/A0A433U065/A0A433TJK0/A0A433U097/A0A433TR10	43
GO:0005507	copper ion binding	19/2575	31/13065	4.5215654126272267e-7	6.935179939350741e-5	6.23373720388521e-5	A0A3S0ZJE6/A0A3S1HD46/A0A3S1B306/A0A433T5Y5/A0A433UAQ4/A0A3S1AVV0/A0A3S1A2X3/A0A433SWV4/A0A3S0ZVG5/A0A433SZN4/A0A433SM60/A0A3S1BI21/A0A3S1BJZ2/A0A3S1B5M5/A0A433UCD5/A0A3S1B0P7/A0A433SRE5/A0A3S1B810/A0A3S1CFP2	19
GO:0008528	G protein-coupled peptide receptor activity	36/2575	82/13065	5.037660972894001e-7	6.935179939350741e-5	6.23373720388521e-5	A0A3S1B1B0/A0A433UEC6/A0A3S1AFD6/A0A433TLM9/A0A3S1BU84/A0A3S1BFK0/A0A3S1H3T4/A0A433U696/A0A433T126/A0A3S1BR92/A0A3S1BAM9/A0A3S1AGK4/A0A3S1AVW8/A0A433TT64/A0A3S0ZHE7/A0A433TRG9/A0A3S0ZDM2/A0A433TK80/A0A3S1BZ32/A0A3S1A145/A0A433SKG7/A0A433SM61/A0A433TJ46/A0A3S1B1E4/A0A433T5N9/A0A433TWL8/A0A3S0ZSY2/A0A3S1AQD3/A0A3S1H2T9/A0A3S0Z9K1/A0A433U9S8/A0A433UAT7/A0A3S1HNE0/A0A433TBF0/A0A433UDC8/A0A3S1BJV9	36
GO:0001653	peptide receptor activity	36/2575	83/13065	7.221721952610829e-7	8.947713499284817e-5	8.042717711433955e-5	A0A3S1B1B0/A0A433UEC6/A0A3S1AFD6/A0A433TLM9/A0A3S1BU84/A0A3S1BFK0/A0A3S1H3T4/A0A433U696/A0A433T126/A0A3S1BR92/A0A3S1BAM9/A0A3S1AGK4/A0A3S1AVW8/A0A433TT64/A0A3S0ZHE7/A0A433TRG9/A0A3S0ZDM2/A0A433TK80/A0A3S1BZ32/A0A3S1A145/A0A433SKG7/A0A433SM61/A0A433TJ46/A0A3S1B1E4/A0A433T5N9/A0A433TWL8/A0A3S0ZSY2/A0A3S1AQD3/A0A3S1H2T9/A0A3S0Z9K1/A0A433U9S8/A0A433UAT7/A0A3S1HNE0/A0A433TBF0/A0A433UDC8/A0A3S1BJV9	36
GO:0015267	channel activity	93/2575	297/13065	1.0534112463199918e-6	1.0876471118253915e-4	9.776395601811854e-5	A0A3S1BKU6/A0A3S0ZXP7/A0A3S0ZJW4/A0A3S1HZJ1/A0A433TC31/A0A3S0ZBZ6/A0A433U1W1/A0A433TI63/A0A3S1AVG6/A0A3S1ATH0/A0A433TDE3/A0A433TIU6/A0A3S0ZXF1/A0A433U8Q9/A0A3S1BTS9/A0A3S1BBF5/A0A3S1HKM4/A0A433TX36/A0A433T855/A0A3S1A393/A0A3S1C3L6/A0A3S0ZVF1/A0A433SSW1/A0A3S1BV91/A0A3S0ZUY9/A0A433U0R8/A0A3S1BXA1/A0A433TRZ6/A0A3S1BRI2/A0A433SZ91/A0A3S1BKG5/A0A433U7U3/A0A3S0ZWG1/A0A433TMI7/A0A3S1HLW5/A0A3S0ZZG5/A0A433SZD7/A0A3S0ZWN0/A0A433T5K5/A0A3S1BRN0/A0A3S0ZV71/A0A3S0Z7J8/A0A433SJ63/A0A433T9D5/A0A3S1B2V2/A0A3S1GZ19/A0A433TQS6/A0A3S1BRX8/A0A3S1BNV8/A0A3S1HC48/A0A3S1HYM2/A0A433SXN0/A0A3S0ZSN6/A0A3S1BNB8/A0A3S0ZNE5/A0A3S1B3Q2/A0A3S1BFS0/A0A3S1BKM9/A0A433TWY1/A0A3S1CB54/A0A3S1HCC7/A0A3S1B0F7/A0A3S1BXI0/A0A3S1BVE6/A0A433U0L0/A0A433SZ85/A0A433TTZ4/A0A433T7D9/A0A3S1A3P7/A0A3S1A2Z1/A0A3S1HGW7/A0A433TRH9/A0A3S0ZKI4/A0A433SN85/A0A433SS78/A0A433SNK8/A0A3S1BKQ8/A0A3S0ZBU1/A0A3S0ZCB7/A0A433U6I0/A0A433UB23/A0A3S0ZXJ9/A0A433T9S8/A0A3S1A337/A0A3S1CCX1/A0A433U2V8/A0A433T6X7/A0A433U065/A0A433TJB5/A0A433TJK0/A0A433U097/A0A3S1A8W4/A0A433TR10	93
GO:0022803	passive transmembrane transporter activity	93/2575	297/13065	1.0534112463199918e-6	1.0876471118253915e-4	9.776395601811854e-5	A0A3S1BKU6/A0A3S0ZXP7/A0A3S0ZJW4/A0A3S1HZJ1/A0A433TC31/A0A3S0ZBZ6/A0A433U1W1/A0A433TI63/A0A3S1AVG6/A0A3S1ATH0/A0A433TDE3/A0A433TIU6/A0A3S0ZXF1/A0A433U8Q9/A0A3S1BTS9/A0A3S1BBF5/A0A3S1HKM4/A0A433TX36/A0A433T855/A0A3S1A393/A0A3S1C3L6/A0A3S0ZVF1/A0A433SSW1/A0A3S1BV91/A0A3S0ZUY9/A0A433U0R8/A0A3S1BXA1/A0A433TRZ6/A0A3S1BRI2/A0A433SZ91/A0A3S1BKG5/A0A433U7U3/A0A3S0ZWG1/A0A433TMI7/A0A3S1HLW5/A0A3S0ZZG5/A0A433SZD7/A0A3S0ZWN0/A0A433T5K5/A0A3S1BRN0/A0A3S0ZV71/A0A3S0Z7J8/A0A433SJ63/A0A433T9D5/A0A3S1B2V2/A0A3S1GZ19/A0A433TQS6/A0A3S1BRX8/A0A3S1BNV8/A0A3S1HC48/A0A3S1HYM2/A0A433SXN0/A0A3S0ZSN6/A0A3S1BNB8/A0A3S0ZNE5/A0A3S1B3Q2/A0A3S1BFS0/A0A3S1BKM9/A0A433TWY1/A0A3S1CB54/A0A3S1HCC7/A0A3S1B0F7/A0A3S1BXI0/A0A3S1BVE6/A0A433U0L0/A0A433SZ85/A0A433TTZ4/A0A433T7D9/A0A3S1A3P7/A0A3S1A2Z1/A0A3S1HGW7/A0A433TRH9/A0A3S0ZKI4/A0A433SN85/A0A433SS78/A0A433SNK8/A0A3S1BKQ8/A0A3S0ZBU1/A0A3S0ZCB7/A0A433U6I0/A0A433UB23/A0A3S0ZXJ9/A0A433T9S8/A0A3S1A337/A0A3S1CCX1/A0A433U2V8/A0A433T6X7/A0A433U065/A0A433TJB5/A0A433TJK0/A0A433U097/A0A3S1A8W4/A0A433TR10	93
GO:0004497	monooxygenase activity	42/2575	108/13065	3.0028070252381258e-6	2.7723199537019953e-4	2.491920063732816e-4	A0A3S0ZZ47/A0A433SJD6/A0A433U5D6/A0A3S0ZLH4/A0A3S1BP67/A0A3S1BL82/A0A433U7Q2/A0A3S1CF35/A0A3S0ZNX2/A0A3S1AWR9/A0A3S0ZMU6/A0A3S1BIC9/A0A433SLD6/A0A3S1I3A2/A0A3S1BIM7/A0A433SMC2/A0A433SUF9/A0A433TCL2/A0A3S1B5Q1/A0A433TRG4/A0A433T557/A0A433TCG7/A0A3S1B5M5/A0A433TPR7/A0A433UCD5/A0A433U310/A0A3S1HBB9/A0A433TCJ3/A0A3S0ZIX7/A0A3S1H803/A0A3S1ARI9/A0A433T522/A0A3S1B0P7/A0A3S0ZNL6/A0A3S0ZJL3/A0A433TXN9/A0A3S1B036/A0A3S0ZLX6/A0A3S0ZMV9/A0A433U8F6/A0A3S1CFP2/A0A433SP54	42
GO:0005506	iron ion binding	47/2575	126/13065	3.132564919437283e-6	2.7723199537019953e-4	2.491920063732816e-4	A0A3S0ZZ47/A0A433SJD6/A0A433U5D6/A0A3S0ZLH4/A0A3S1BP67/A0A3S1BL82/A0A433U7Q2/A0A3S1CF35/A0A3S0ZBP2/A0A3S1AWR9/A0A3S1BGH4/A0A3S0ZMU6/A0A3S1BIC9/A0A433SLD6/A0A3S1I3A2/A0A433SRG8/A0A3S1BIM7/A0A433SMC2/A0A433SUF9/A0A433T9Q5/A0A3S1A068/A0A3S1A1D5/A0A3S1B5Q1/A0A3S0Z520/A0A433TRG4/A0A3S1BF04/A0A433T557/A0A3S1CED8/A0A433TCG7/A0A433SPW1/A0A433TPR7/A0A433U310/A0A3S1HBB9/A0A433TCJ3/A0A3S1B2N3/A0A3S1H803/A0A3S1AC93/A0A433T522/A0A3S0ZNL6/A0A3S0ZJL3/A0A433TXN9/A0A3S0ZLX6/A0A433U9Q3/A0A3S0ZMV9/A0A433UAM0/A0A433U8F6/A0A433SP54	47
GO:0005216	monoatomic ion channel activity	87/2575	281/13065	3.874214773250961e-6	2.8612583837409565e-4	2.5718630219599274e-4	A0A3S1BKU6/A0A3S0ZXP7/A0A3S0ZJW4/A0A3S1HZJ1/A0A433TC31/A0A3S0ZBZ6/A0A433U1W1/A0A3S1AVG6/A0A3S1ATH0/A0A433TDE3/A0A433TIU6/A0A3S0ZXF1/A0A3S1BTS9/A0A3S1BBF5/A0A3S1HKM4/A0A433TX36/A0A433T855/A0A3S1A393/A0A3S1C3L6/A0A3S0ZVF1/A0A433SSW1/A0A3S1BV91/A0A3S0ZUY9/A0A433U0R8/A0A3S1BXA1/A0A433TRZ6/A0A3S1BRI2/A0A433SZ91/A0A3S1BKG5/A0A433U7U3/A0A3S0ZWG1/A0A433TMI7/A0A3S1HLW5/A0A3S0ZZG5/A0A433SZD7/A0A3S0ZWN0/A0A433T5K5/A0A3S1BRN0/A0A3S0ZV71/A0A3S0Z7J8/A0A433SJ63/A0A433T9D5/A0A3S1B2V2/A0A3S1GZ19/A0A433TQS6/A0A3S1BRX8/A0A3S1BNV8/A0A3S1HYM2/A0A433SXN0/A0A3S0ZSN6/A0A3S1BNB8/A0A3S0ZNE5/A0A3S1B3Q2/A0A3S1BFS0/A0A3S1BKM9/A0A3S1CB54/A0A3S1HCC7/A0A3S1B0F7/A0A3S1BXI0/A0A3S1BVE6/A0A433U0L0/A0A433SZ85/A0A433TTZ4/A0A3S1A3P7/A0A3S1A2Z1/A0A3S1HGW7/A0A433TRH9/A0A3S0ZKI4/A0A433SN85/A0A433SS78/A0A433SNK8/A0A3S1BKQ8/A0A3S0ZBU1/A0A433U6I0/A0A433UB23/A0A3S0ZXJ9/A0A433T9S8/A0A3S1A337/A0A3S1CCX1/A0A433U2V8/A0A433T6X7/A0A433U065/A0A433TJB5/A0A433TJK0/A0A433U097/A0A3S1A8W4/A0A433TR10	87
GO:0140013	meiotic nuclear division	10/2575	12/13065	3.884879765510178e-6	2.8612583837409565e-4	2.5718630219599274e-4	A0A433T5N4/A0A433SSC2/A0A3S1HAQ1/A0A3S1BKI5/A0A433T1P3/A0A433U7V7/A0A3S1HJT6/A0A433U7F0/A0A3S1BRT6/A0A3S0ZK64	10
GO:0030594	neurotransmitter receptor activity	23/2575	46/13065	3.925858960742233e-6	2.8612583837409565e-4	2.5718630219599274e-4	A0A3S1ATH0/A0A433TIU6/A0A3S1HKM4/A0A433T855/A0A3S1A393/A0A3S1C3L6/A0A3S0ZH40/A0A433TMI7/A0A3S0ZV71/A0A433T9D5/A0A3S1GZ19/A0A3S1BNV8/A0A3S1BKM9/A0A3S1CB54/A0A433U0L0/A0A3S1HGW7/A0A433SNK8/A0A3S0ZLT1/A0A3S0ZXJ9/A0A433U065/A0A3S0ZKH8/A0A433TJK0/A0A433U097	23
GO:0046906	tetrapyrrole binding	46/2575	126/13065	7.742698122353576e-6	5.329557207553378e-4	4.79051146985385e-4	A0A3S0ZZ47/A0A433SJD6/A0A433U5D6/A0A3S0ZLH4/A0A3S1BP67/A0A3S1BL82/A0A433U7Q2/A0A3S1CF35/A0A3S0ZLE0/A0A3S1AWR9/A0A3S0ZMU6/A0A3S1BIC9/A0A3S0ZKW4/A0A433SLD6/A0A3S1I3A2/A0A3S1BIM7/A0A433SMC2/A0A433SUF9/A0A3S1BGV3/A0A433SXU8/A0A3S1B5Q1/A0A433TRG4/A0A433T557/A0A433TCG7/A0A3S1BZK4/A0A3S0ZMR8/A0A3S0ZWA2/A0A433T972/A0A3S1HL64/A0A3S0ZW59/A0A433TPR7/A0A3S1A915/A0A433U310/A0A3S1BEQ9/A0A3S1HBB9/A0A3S1B500/A0A433TCJ3/A0A3S0ZIX7/A0A3S1H803/A0A433T522/A0A3S0ZG89/A0A3S0ZJL3/A0A3S0ZLX6/A0A433U768/A0A3S0ZMV9/A0A433U8F6	46
GO:0020037	heme binding	45/2575	124/13065	1.1568909107908345e-5	7.544146518262337e-4	6.781111266574532e-4	A0A3S0ZZ47/A0A433SJD6/A0A433U5D6/A0A3S0ZLH4/A0A3S1BP67/A0A3S1BL82/A0A433U7Q2/A0A3S1CF35/A0A3S0ZLE0/A0A3S1AWR9/A0A3S0ZMU6/A0A3S1BIC9/A0A3S0ZKW4/A0A433SLD6/A0A3S1I3A2/A0A3S1BIM7/A0A433SMC2/A0A433SUF9/A0A3S1BGV3/A0A433SXU8/A0A3S1B5Q1/A0A433TRG4/A0A433T557/A0A433TCG7/A0A3S1BZK4/A0A3S0ZMR8/A0A3S0ZWA2/A0A433T972/A0A3S1HL64/A0A3S0ZW59/A0A433TPR7/A0A3S1A915/A0A433U310/A0A3S1BEQ9/A0A3S1HBB9/A0A3S1B500/A0A433TCJ3/A0A3S0ZIX7/A0A3S1H803/A0A433T522/A0A3S0ZG89/A0A3S0ZJL3/A0A3S0ZLX6/A0A3S0ZMV9/A0A433U8F6	45
GO:1903046	meiotic cell cycle process	10/2575	13/13065	1.3838236075400902e-5	8.57278724871086e-4	7.70571250935482e-4	A0A433T5N4/A0A433SSC2/A0A3S1HAQ1/A0A3S1BKI5/A0A433T1P3/A0A433U7V7/A0A3S1HJT6/A0A433U7F0/A0A3S1BRT6/A0A3S0ZK64	10
GO:0022824	transmitter-gated monoatomic ion channel activity	20/2575	40/13065	1.6729660386465176e-5	9.421840554013798e-4	8.468890281760842e-4	A0A3S1ATH0/A0A433TIU6/A0A3S1HKM4/A0A433T855/A0A3S1A393/A0A3S1C3L6/A0A433TMI7/A0A3S0ZV71/A0A433T9D5/A0A3S1GZ19/A0A3S1BNV8/A0A3S1BKM9/A0A3S1CB54/A0A433U0L0/A0A3S1HGW7/A0A433SNK8/A0A3S0ZXJ9/A0A433U065/A0A433TJK0/A0A433U097	20
GO:0022835	transmitter-gated channel activity	20/2575	40/13065	1.6729660386465176e-5	9.421840554013798e-4	8.468890281760842e-4	A0A3S1ATH0/A0A433TIU6/A0A3S1HKM4/A0A433T855/A0A3S1A393/A0A3S1C3L6/A0A433TMI7/A0A3S0ZV71/A0A433T9D5/A0A3S1GZ19/A0A3S1BNV8/A0A3S1BKM9/A0A3S1CB54/A0A433U0L0/A0A3S1HGW7/A0A433SNK8/A0A3S0ZXJ9/A0A433U065/A0A433TJK0/A0A433U097	20
GO:0016705	oxidoreductase activity, acting on paired donors, with incorporation or reduction of molecular oxygen	47/2575	134/13065	2.095279845226324e-5	0.0011287181427110501	0.0010145565566359043	A0A433SVW2/A0A3S0ZZ47/A0A433SJD6/A0A433U5D6/A0A3S0ZLH4/A0A3S1BP67/A0A3S0Z9L3/A0A3S1BL82/A0A433U7Q2/A0A3S1CF35/A0A3S0ZNX2/A0A3S1AWR9/A0A3S0ZMU6/A0A3S1BIC9/A0A433TAP4/A0A433SLD6/A0A3S1I3A2/A0A433SRG8/A0A3S1BIM7/A0A433SMC2/A0A433SUF9/A0A433TCL2/A0A3S1B5Q1/A0A3S0Z520/A0A433TRG4/A0A433T557/A0A433TCG7/A0A3S1B5M5/A0A433TPR7/A0A433UCD5/A0A433U310/A0A3S1HBB9/A0A433TCJ3/A0A3S0ZIX7/A0A3S1H803/A0A3S1ARI9/A0A433T522/A0A3S1B0P7/A0A3S0ZNL6/A0A3S0ZJL3/A0A433TXN9/A0A3S1B036/A0A3S0ZLX6/A0A3S0ZMV9/A0A433UAM0/A0A433U8F6/A0A3S1CFP2	47
GO:0097060	synaptic membrane	16/2575	29/13065	2.421366914114689e-5	0.0012500306694117082	0.0011235992083918163	A0A3S1ATH0/A0A433TIU6/A0A3S1HKM4/A0A433T855/A0A3S1A393/A0A3S1C3L6/A0A3S1BKM9/A0A3S1CB54/A0A3S1B0F7/A0A433U0L0/A0A3S1HGW7/A0A433SNK8/A0A3S0ZXJ9/A0A433U065/A0A433TJK0/A0A433U097	16
GO:0022839	monoatomic ion gated channel activity	55/2575	167/13065	3.459866905058929e-5	0.0017147100381472054	0.0015412796570746724	A0A433TC31/A0A3S1AVG6/A0A3S1ATH0/A0A433TDE3/A0A433TIU6/A0A3S0ZXF1/A0A3S1BBF5/A0A3S1HKM4/A0A433TX36/A0A433T855/A0A3S1A393/A0A3S1C3L6/A0A3S0ZUY9/A0A433U0R8/A0A3S1BXA1/A0A433TRZ6/A0A3S1BRI2/A0A3S1BKG5/A0A433U7U3/A0A433TMI7/A0A3S0ZZG5/A0A3S0ZWN0/A0A433T5K5/A0A3S0ZV71/A0A3S0Z7J8/A0A433T9D5/A0A3S1B2V2/A0A3S1GZ19/A0A433TQS6/A0A3S1BRX8/A0A3S1BNV8/A0A3S0ZSN6/A0A3S0ZNE5/A0A3S1B3Q2/A0A3S1BFS0/A0A3S1BKM9/A0A3S1CB54/A0A3S1BXI0/A0A3S1BVE6/A0A433U0L0/A0A433SZ85/A0A3S1A2Z1/A0A3S1HGW7/A0A433SNK8/A0A3S0ZBU1/A0A433UB23/A0A3S0ZXJ9/A0A433T9S8/A0A3S1A337/A0A3S1CCX1/A0A433U2V8/A0A433U065/A0A433TJK0/A0A433U097/A0A433TR10	55
GO:0007160	cell-matrix adhesion	10/2575	14/13065	3.982948299318578e-5	0.0018980280549445068	0.001706056397036055	A0A3S1C7Y3/A0A3S1AB56/A0A3S1C420/A0A433U7P8/A0A3S1A0S6/A0A3S0ZEK9/A0A3S0ZKB3/A0A433SV88/A0A3S0ZTU9/A0A3S1BFP5	10
GO:0007218	neuropeptide signaling pathway	14/2575	25/13065	6.324921918498223e-5	0.0025220531399262167	0.002266965908025944	A0A3S0ZHE7/A0A3S0ZDM2/A0A433SM61/A0A433TQW0/A0A433TJ46/A0A433T5N9/A0A3S0ZSY2/A0A433U9S8/A0A433UAT7/A0A3S1HNE0/A0A433TBF0/A0A433U7V9/A0A3S1BM32/A0A433T9A6	14
GO:0009636	response to toxic substance	19/2575	40/13065	6.722219532100008e-5	0.0025220531399262167	0.002266965908025944	A0A433TE92/A0A3S1C043/A0A433TQK8/A0A3S0ZLE0/A0A3S1A034/A0A433UAQ4/A0A3S1A6J1/A0A433TR19/A0A433TCT7/A0A3S0ZKW4/A0A433TNA0/A0A433SXU8/A0A3S1I4G0/A0A3S1CCE7/A0A3S1A915/A0A3S1B500/A0A3S0ZG89/A0A3S1HGM1/A0A433T4J0	19
GO:0097237	cellular response to toxic substance	19/2575	40/13065	6.722219532100008e-5	0.0025220531399262167	0.002266965908025944	A0A433TE92/A0A3S1C043/A0A433TQK8/A0A3S0ZLE0/A0A3S1A034/A0A433UAQ4/A0A3S1A6J1/A0A433TR19/A0A433TCT7/A0A3S0ZKW4/A0A433TNA0/A0A433SXU8/A0A3S1I4G0/A0A3S1CCE7/A0A3S1A915/A0A3S1B500/A0A3S0ZG89/A0A3S1HGM1/A0A433T4J0	19
GO:0098754	detoxification	19/2575	40/13065	6.722219532100008e-5	0.0025220531399262167	0.002266965908025944	A0A433TE92/A0A3S1C043/A0A433TQK8/A0A3S0ZLE0/A0A3S1A034/A0A433UAQ4/A0A3S1A6J1/A0A433TR19/A0A433TCT7/A0A3S0ZKW4/A0A433TNA0/A0A433SXU8/A0A3S1I4G0/A0A3S1CCE7/A0A3S1A915/A0A3S1B500/A0A3S0ZG89/A0A3S1HGM1/A0A433T4J0	19
GO:1990748	cellular detoxification	19/2575	40/13065	6.722219532100008e-5	0.0025220531399262167	0.002266965908025944	A0A433TE92/A0A3S1C043/A0A433TQK8/A0A3S0ZLE0/A0A3S1A034/A0A433UAQ4/A0A3S1A6J1/A0A433TR19/A0A433TCT7/A0A3S0ZKW4/A0A433TNA0/A0A433SXU8/A0A3S1I4G0/A0A3S1CCE7/A0A3S1A915/A0A3S1B500/A0A3S0ZG89/A0A3S1HGM1/A0A433T4J0	19
GO:0005200	structural constituent of cytoskeleton	15/2575	28/13065	6.895381518219477e-5	0.0025220531399262167	0.002266965908025944	A0A3S1ATK6/A0A433TG58/A0A3S1A1H2/A0A3S0ZWW4/A0A433U9T6/A0A433TRJ7/A0A433T799/A0A3S1BUP8/A0A3S1BHW1/A0A433TIZ8/A0A3S0Z6U9/A0A433TLC6/A0A433TJB9/A0A3S1B0R6/A0A433TZ51	15
GO:0045211	postsynaptic membrane	15/2575	28/13065	6.895381518219477e-5	0.0025220531399262167	0.002266965908025944	A0A3S1ATH0/A0A433TIU6/A0A3S1HKM4/A0A433T855/A0A3S1A393/A0A3S1C3L6/A0A3S1BKM9/A0A3S1CB54/A0A433U0L0/A0A3S1HGW7/A0A433SNK8/A0A3S0ZXJ9/A0A433U065/A0A433TJK0/A0A433U097	15
GO:0007127	meiosis I	8/2575	10/13065	6.920888358151039e-5	0.0025220531399262167	0.002266965908025944	A0A433T5N4/A0A433SSC2/A0A3S1HAQ1/A0A3S1BKI5/A0A433U7V7/A0A3S1HJT6/A0A433U7F0/A0A3S0ZK64	8
GO:0022836	gated channel activity	55/2575	171/13065	7.19086573353126e-5	0.002545566469670066	0.0022881010364138566	A0A433TC31/A0A3S1AVG6/A0A3S1ATH0/A0A433TDE3/A0A433TIU6/A0A3S0ZXF1/A0A3S1BBF5/A0A3S1HKM4/A0A433TX36/A0A433T855/A0A3S1A393/A0A3S1C3L6/A0A3S0ZUY9/A0A433U0R8/A0A3S1BXA1/A0A433TRZ6/A0A3S1BRI2/A0A3S1BKG5/A0A433U7U3/A0A433TMI7/A0A3S0ZZG5/A0A3S0ZWN0/A0A433T5K5/A0A3S0ZV71/A0A3S0Z7J8/A0A433T9D5/A0A3S1B2V2/A0A3S1GZ19/A0A433TQS6/A0A3S1BRX8/A0A3S1BNV8/A0A3S0ZSN6/A0A3S0ZNE5/A0A3S1B3Q2/A0A3S1BFS0/A0A3S1BKM9/A0A3S1CB54/A0A3S1BXI0/A0A3S1BVE6/A0A433U0L0/A0A433SZ85/A0A3S1A2Z1/A0A3S1HGW7/A0A433SNK8/A0A3S0ZBU1/A0A433UB23/A0A3S0ZXJ9/A0A433T9S8/A0A3S1A337/A0A3S1CCX1/A0A433U2V8/A0A433U065/A0A433TJK0/A0A433U097/A0A433TR10	55
GO:0031589	cell-substrate adhesion	10/2575	15/13065	9.830192207859676e-5	0.003383224484871705	0.0030410360689811515	A0A3S1C7Y3/A0A3S1AB56/A0A3S1C420/A0A433U7P8/A0A3S1A0S6/A0A3S0ZEK9/A0A3S0ZKB3/A0A433SV88/A0A3S0ZTU9/A0A3S1BFP5	10
GO:0005886	plasma membrane	110/2575	403/13065	1.1371955701272826e-4	0.0038080684091559543	0.003422910137111423	A0A433SLV4/A0A3S1ASE2/A0A3S0ZXP7/A0A433TJ79/A0A3S1BU42/A0A3S1BZG9/A0A3S1B1B0/A0A3S1AYX4/A0A433TZQ4/A0A3S1B3L9/A0A3S0ZU29/A0A3S0Z7D0/A0A433UEC6/A0A3S1BTZ2/A0A3S1AFD6/A0A3S1ATH0/A0A3S0ZDB5/A0A433TLM9/A0A3S1BU84/A0A3S1BFK0/A0A3S1AG11/A0A433TDE3/A0A433TIU6/A0A3S1H3T4/A0A433U696/A0A3S0ZXF1/A0A433T126/A0A433TAB2/A0A3S1BR92/A0A433TGL5/A0A3S1AGK4/A0A3S1HKM4/A0A3S1BPA7/A0A433T855/A0A433TD13/A0A3S1A393/A0A3S1AVW8/A0A3S1C3L6/A0A3S1B5J5/A0A433U6U6/A0A433TT64/A0A3S0ZXT5/A0A433TRG9/A0A3S0ZH40/A0A3S0ZDM2/A0A433TZ38/A0A433TK80/A0A3S1HEC5/A0A433TMI7/A0A3S1B0E3/A0A3S1BZ32/A0A3S1A145/A0A433SKG7/A0A433SU23/A0A3S1B1E4/A0A3S0ZV71/A0A433TWL8/A0A433T9D5/A0A3S1GZ19/A0A3S1C322/A0A3S1H348/A0A3S1AQD3/A0A3S1H2T9/A0A3S0ZXR4/A0A3S0Z9K1/A0A3S1BFS0/A0A3S1BKM9/A0A433TWY1/A0A3S1BTV1/A0A3S1CB54/A0A3S0ZMX1/A0A3S1C9L0/A0A3S1B0F7/A0A433SL65/A0A3S1BVE6/A0A433SVP9/A0A433U0L0/A0A433SZ85/A0A433T520/A0A3S1HGW7/A0A433SMW0/A0A3S0ZW27/A0A3S0ZGL0/A0A433TXM5/A0A433SN55/A0A433TBF0/A0A433TSI9/A0A433SNK8/A0A433UDC8/A0A3S0ZIC7/A0A3S1BJV9/A0A433SXM2/A0A3S0ZCB7/A0A433UAT1/A0A3S0Z1P3/A0A3S0ZLT1/A0A3S1BDU1/A0A3S0ZXJ9/A0A3S0ZYJ4/A0A433T9S8/A0A433TM27/A0A3S1A337/A0A433U065/A0A3S0ZKH8/A0A433TJK0/A0A433U097/A0A3S1A8W4/A0A3S1BI50/A0A3S1BK41/A0A3S0ZML3	110
GO:0004867	serine-type endopeptidase inhibitor activity	16/2575	32/13065	1.1721753011548462e-4	0.0038219084161338276	0.0034353503285923194	A0A433TAH2/A0A3S1BFN2/A0A3S1A3F0/A0A433SQ17/A0A3S1BU76/A0A3S1BKP2/A0A433TEQ8/A0A3S1A1R2/A0A3S0ZRY3/A0A433U425/A0A3S1BLM3/A0A3S1CD37/A0A433TZB2/A0A433TBS6/A0A3S1H8G5/A0A3S0ZZ90	16
GO:0048038	quinone binding	11/2575	18/13065	1.368507916605272e-4	0.00434764438121521	0.003907911945393732	A0A3S1HD46/A0A3S1B306/A0A433T5Y5/A0A3S1HFT9/A0A3S1AVV0/A0A3S1HKL2/A0A433U7H8/A0A3S1A2X3/A0A3S0ZND2/A0A433SM60/A0A433SRE5	11
GO:0071944	cell periphery	113/2575	421/13065	1.915634438129183e-4	0.005933677672105145	0.005333529567212305	A0A433TLE7/A0A433SLV4/A0A3S1ASE2/A0A3S0ZXP7/A0A433TJ79/A0A3S1BU42/A0A3S1BZG9/A0A3S1B1B0/A0A3S1AYX4/A0A433TZQ4/A0A3S1B3L9/A0A3S0ZU29/A0A3S0Z7D0/A0A433UEC6/A0A3S1BTZ2/A0A3S1AFD6/A0A3S1ATH0/A0A3S0ZDB5/A0A433TLM9/A0A3S1BU84/A0A3S1BFK0/A0A3S1AG11/A0A433TDE3/A0A433TIU6/A0A3S1H3T4/A0A433U696/A0A3S0ZXF1/A0A433T126/A0A433TAB2/A0A3S1BR92/A0A433TGL5/A0A3S1AGK4/A0A3S1HKM4/A0A3S1BPA7/A0A433T855/A0A433TD13/A0A3S1A393/A0A3S1AVW8/A0A3S1C3L6/A0A3S1B5J5/A0A433U6U6/A0A3S1GYG9/A0A433TT64/A0A3S0ZXT5/A0A433TRG9/A0A3S0ZH40/A0A3S0ZDM2/A0A433TZ38/A0A433TK80/A0A3S1HEC5/A0A433TMI7/A0A3S1B0E3/A0A3S1BZ32/A0A3S1A145/A0A433SKG7/A0A433SU23/A0A3S1B1E4/A0A3S0ZV71/A0A433TWL8/A0A433T9D5/A0A3S1GZ19/A0A3S1C322/A0A3S1H348/A0A3S1AQD3/A0A3S1H2T9/A0A3S0ZXR4/A0A3S0Z9K1/A0A3S1BFS0/A0A3S1BKM9/A0A3S0Z6C2/A0A433TWY1/A0A3S1BTV1/A0A3S1CB54/A0A3S0ZMX1/A0A3S1C9L0/A0A3S1B0F7/A0A433SL65/A0A3S1BVE6/A0A433SVP9/A0A433U0L0/A0A433SZ85/A0A433T520/A0A3S1HGW7/A0A433SMW0/A0A3S0ZW27/A0A3S0ZGL0/A0A433TXM5/A0A433SN55/A0A433TBF0/A0A433TSI9/A0A433SNK8/A0A433UDC8/A0A3S0ZIC7/A0A3S1BJV9/A0A433SXM2/A0A3S0ZCB7/A0A433UAT1/A0A3S0Z1P3/A0A3S0ZLT1/A0A3S1BDU1/A0A3S0ZXJ9/A0A3S0ZYJ4/A0A433T9S8/A0A433TM27/A0A3S1A337/A0A433U065/A0A3S0ZKH8/A0A433TJK0/A0A433U097/A0A3S1A8W4/A0A3S1BI50/A0A3S1BK41/A0A3S0ZML3	113
GO:0070887	cellular response to chemical stimulus	25/2575	63/13065	2.0014124123020745e-4	0.006048170680103098	0.005436442444712696	A0A433TE92/A0A3S1C043/A0A433TQK8/A0A3S0ZLE0/A0A3S1A034/A0A433UAQ4/A0A3S1A6J1/A0A433TR19/A0A433TCT7/A0A3S0ZKW4/A0A433TNA0/A0A3S1BAM9/A0A433SXU8/A0A3S1I4G0/A0A3S0ZH40/A0A433TNX4/A0A3S0ZXR4/A0A3S1CCE7/A0A3S1A915/A0A3S1B500/A0A3S0ZG89/A0A3S0ZLT1/A0A3S1HGM1/A0A3S0ZKH8/A0A433T4J0	25
GO:0061982	meiosis I cell cycle process	8/2575	11/13065	2.09651703860654e-4	0.006184725263889293	0.005559185530941653	A0A433T5N4/A0A433SSC2/A0A3S1HAQ1/A0A3S1BKI5/A0A433U7V7/A0A3S1HJT6/A0A433U7F0/A0A3S0ZK64	8
GO:0098590	plasma membrane region	28/2575	74/13065	2.2252173006827297e-4	0.006411730780339307	0.005763231099442665	A0A3S1AYX4/A0A3S0Z7D0/A0A3S1ATH0/A0A433TIU6/A0A3S1HKM4/A0A433T855/A0A3S1A393/A0A3S1C3L6/A0A3S1B0E3/A0A3S1H348/A0A3S1BKM9/A0A3S1BTV1/A0A3S1CB54/A0A3S1C9L0/A0A3S1B0F7/A0A433U0L0/A0A3S1HGW7/A0A433TSI9/A0A433SNK8/A0A3S0Z1P3/A0A3S1BDU1/A0A3S0ZXJ9/A0A433U065/A0A433TJK0/A0A433U097/A0A3S1A8W4/A0A3S1BI50/A0A3S0ZML3	28
GO:0098960	postsynaptic neurotransmitter receptor activity	12/2575	22/13065	2.9858666043115274e-4	0.008407928915322688	0.007557528390817216	A0A3S1ATH0/A0A433TIU6/A0A3S1HKM4/A0A3S1A393/A0A3S1C3L6/A0A3S0ZH40/A0A3S1BKM9/A0A3S1CB54/A0A433U0L0/A0A433SNK8/A0A3S0ZLT1/A0A3S0ZKH8	12
GO:0004866	endopeptidase inhibitor activity	19/2575	44/13065	3.207666904171543e-4	0.008639781074496831	0.007765930399573211	A0A3S1HHS5/A0A433SS89/A0A433TAH2/A0A3S1BFN2/A0A3S1HNZ9/A0A3S1A3F0/A0A433SQ17/A0A3S1BU76/A0A3S1BKP2/A0A433TEQ8/A0A3S1A1R2/A0A3S0ZRY3/A0A433U425/A0A3S1BLM3/A0A3S1CD37/A0A433TZB2/A0A433TBS6/A0A3S1H8G5/A0A3S0ZZ90	19
GO:0061135	endopeptidase regulator activity	19/2575	44/13065	3.207666904171543e-4	0.008639781074496831	0.007765930399573211	A0A3S1HHS5/A0A433SS89/A0A433TAH2/A0A3S1BFN2/A0A3S1HNZ9/A0A3S1A3F0/A0A433SQ17/A0A3S1BU76/A0A3S1BKP2/A0A433TEQ8/A0A3S1A1R2/A0A3S0ZRY3/A0A433U425/A0A3S1BLM3/A0A3S1CD37/A0A433TZB2/A0A433TBS6/A0A3S1H8G5/A0A3S0ZZ90	19
GO:0016209	antioxidant activity	17/2575	38/13065	3.962067718480884e-4	0.010227087298328781	0.009192692206475384	A0A433TE92/A0A3S1C043/A0A433TQK8/A0A3S0ZLE0/A0A3S1A034/A0A433UAQ4/A0A433TCT7/A0A3S0ZKW4/A0A433TNA0/A0A433SXU8/A0A3S1I4G0/A0A3S1CCE7/A0A3S1A915/A0A3S1B500/A0A3S0ZG89/A0A3S1HGM1/A0A433T4J0	17
GO:0098869	cellular oxidant detoxification	17/2575	38/13065	3.962067718480884e-4	0.010227087298328781	0.009192692206475384	A0A433TE92/A0A3S1C043/A0A433TQK8/A0A3S0ZLE0/A0A3S1A034/A0A433UAQ4/A0A433TCT7/A0A3S0ZKW4/A0A433TNA0/A0A433SXU8/A0A3S1I4G0/A0A3S1CCE7/A0A3S1A915/A0A3S1B500/A0A3S0ZG89/A0A3S1HGM1/A0A433T4J0	17
GO:0015075	monoatomic ion transmembrane transporter activity	102/2575	381/13065	4.249443520130265e-4	0.010745021472329384	0.009658241126311109	A0A3S1BKU6/A0A3S0ZXP7/A0A3S0ZJW4/A0A3S1HZJ1/A0A433TC31/A0A3S0ZBZ6/A0A433U1W1/A0A3S1BDP5/A0A3S0Z7D0/A0A3S1AVG6/A0A3S1ATH0/A0A3S1ARV9/A0A3S0ZIZ5/A0A433TDE3/A0A433TIU6/A0A3S0ZXF1/A0A433TER2/A0A3S1BTS9/A0A3S1BBF5/A0A3S1HKM4/A0A433TX36/A0A433T855/A0A3S1A393/A0A3S1C3L6/A0A3S0ZVF1/A0A433SSW1/A0A3S1BV91/A0A3S0ZUY9/A0A433U0R8/A0A3S0ZMM2/A0A3S1BXA1/A0A433TRZ6/A0A3S1BRI2/A0A433SZ91/A0A3S1BKG5/A0A433U7U3/A0A3S0ZWG1/A0A433TMI7/A0A3S1HLW5/A0A3S0ZZG5/A0A433SZD7/A0A3S0ZWN0/A0A433T5K5/A0A3S1BRN0/A0A3S0ZV71/A0A3S0Z7J8/A0A433SJ63/A0A433T9D5/A0A3S1B2V2/A0A3S1GZ19/A0A3S1AZM0/A0A3S0Z8N9/A0A3S1H348/A0A433TQS6/A0A3S1BRX8/A0A3S1BNV8/A0A3S0ZK23/A0A3S1HYM2/A0A433SXN0/A0A3S0ZSN6/A0A3S1BNB8/A0A3S0ZNE5/A0A3S1B3Q2/A0A3S1BFS0/A0A3S1BKM9/A0A3S1CB54/A0A3S1HCC7/A0A3S1B0F7/A0A3S1BXI0/A0A3S1BVE6/A0A433U0L0/A0A433SZ85/A0A433TTZ4/A0A3S1A3P7/A0A3S1A2Z1/A0A3S1HGW7/A0A433TRH9/A0A433SMW0/A0A3S0ZKI4/A0A433SN85/A0A433SS78/A0A433TSI9/A0A433SNK8/A0A3S1BKQ8/A0A433SJH8/A0A433UD54/A0A3S0ZBU1/A0A3S0Z927/A0A433U6I0/A0A433UB23/A0A3S0ZXJ9/A0A433T9S8/A0A3S1A337/A0A3S1CCX1/A0A433U2V8/A0A433T6X7/A0A433U065/A0A433TJB5/A0A433TJK0/A0A433U097/A0A3S1A8W4/A0A433TR10	102
GO:0016638	oxidoreductase activity, acting on the CH-NH2 group of donors	15/2575	32/13065	4.680252245541753e-4	0.011370259867110257	0.010220241229686634	A0A3S1ASI1/A0A3S1AAP8/A0A3S1C265/A0A3S1HD46/A0A3S1B306/A0A3S0ZR67/A0A433T5Y5/A0A3S1AVV0/A0A3S1BI75/A0A3S1BE12/A0A3S1AZB4/A0A3S1A2X3/A0A433TYM1/A0A433SM60/A0A433SRE5	15
GO:0098794	postsynapse	15/2575	32/13065	4.680252245541753e-4	0.011370259867110257	0.010220241229686634	A0A3S1ATH0/A0A433TIU6/A0A3S1HKM4/A0A433T855/A0A3S1A393/A0A3S1C3L6/A0A3S1BKM9/A0A3S1CB54/A0A433U0L0/A0A3S1HGW7/A0A433SNK8/A0A3S0ZXJ9/A0A433U065/A0A433TJK0/A0A433U097	15
GO:0045202	synapse	23/2575	59/13065	4.8082667031515013e-4	0.011456620086932134	0.010297866744806254	A0A3S1ATH0/A0A433TIU6/A0A3S1HKM4/A0A433T855/A0A3S1A393/A0A3S1C3L6/A0A3S0ZH40/A0A433SNM1/A0A3S0ZXR4/A0A3S1BKM9/A0A3S1CB54/A0A3S1B0F7/A0A433U0L0/A0A3S1HGW7/A0A433SNK8/A0A3S1BZC8/A0A433UAT1/A0A3S0ZLT1/A0A3S0ZXJ9/A0A433U065/A0A3S0ZKH8/A0A433TJK0/A0A433U097	23
GO:0016641	oxidoreductase activity, acting on the CH-NH2 group of donors, oxygen as acceptor	12/2575	23/13065	5.127695533833275e-4	0.011987197672489486	0.010774780287578164	A0A3S1C265/A0A3S1HD46/A0A3S1B306/A0A3S0ZR67/A0A433T5Y5/A0A3S1AVV0/A0A3S1BI75/A0A3S1AZB4/A0A3S1A2X3/A0A433TYM1/A0A433SM60/A0A433SRE5	12
GO:0005179	hormone activity	7/2575	10/13065	7.831812429055816e-4	0.017969658517778066	0.016152158966746693	A0A433TUD5/A0A433U5L4/A0A3S1BN08/A0A433U560/A0A3S1BML3/A0A3S1HU29/A0A3S0ZAY7	7
GO:0008131	primary amine oxidase activity	11/2575	21/13065	8.433580084762446e-4	0.018998555863673945	0.017076990870198407	A0A3S1C265/A0A3S1HD46/A0A3S1B306/A0A3S0ZR67/A0A433T5Y5/A0A3S1AVV0/A0A3S1BI75/A0A3S1A2X3/A0A433TYM1/A0A433SM60/A0A433SRE5	11
GO:0030545	signaling receptor regulator activity	16/2575	37/13065	9.218040890810306e-4	0.0203949154709178	0.018332118914431022	A0A433STQ4/A0A3S1BRX1/A0A433TUD5/A0A433TNJ0/A0A433TKK5/A0A433U5L4/A0A3S1BH86/A0A3S1BN08/A0A433U560/A0A3S1BML3/A0A433TC42/A0A3S1HTB4/A0A3S1HU29/A0A3S1BBW5/A0A433U854/A0A3S0ZAY7	16
GO:0140662	ATP-dependent protein folding chaperone	15/2575	34/13065	0.001030806097289367	0.022406469377921505	0.020140218853779326	A0A3S1BB66/A0A3S0Z6Y2/A0A3S1GZU2/A0A433TSV8/A0A3S1CAN8/A0A3S1B8T0/A0A3S0ZY57/A0A3S0ZKM8/A0A3S1H059/A0A433SPK8/A0A433SJL8/A0A3S1BJY6/A0A433SQL8/A0A433TFR9/A0A3S1B6K9	15
GO:1901605	alpha-amino acid metabolic process	33/2575	100/13065	0.001150151744813219	0.02456962089350997	0.02208458341220301	A0A3S1A575/A0A3S1BUS3/A0A433SZI4/A0A3S1ASI1/A0A3S1AAP8/A0A433SM34/A0A3S1C265/A0A433SNQ2/A0A433SJJ8/A0A3S0ZCB5/A0A3S0ZR67/A0A433U9H3/A0A3S0ZBP2/A0A3S1ARZ5/A0A3S0ZWP2/A0A3S1BI75/A0A433TYM1/A0A3S1BGV3/A0A3S1BH45/A0A3S1I3S8/A0A3S1BPV9/A0A433T972/A0A433TA79/A0A433TLF4/A0A3S1I3E1/A0A433TTH5/A0A433U036/A0A433T8K7/A0A433T0P5/A0A433TXN9/A0A433SM14/A0A3S1BAB7/A0A433U768	33
GO:0034220	monoatomic ion transmembrane transport	99/2575	379/13065	0.0012427395999266187	0.02609753159845899	0.023457957122611287	A0A3S1BKU6/A0A3S0ZXP7/A0A3S0ZJW4/A0A3S1HZJ1/A0A433TC31/A0A3S0ZBZ6/A0A433U1W1/A0A3S0Z7D0/A0A3S1AVG6/A0A3S1ATH0/A0A3S1ARV9/A0A3S0ZIZ5/A0A433TDE3/A0A433TIU6/A0A3S0ZXF1/A0A433TER2/A0A3S1BTS9/A0A3S1BBF5/A0A3S1HKM4/A0A433TX36/A0A433T855/A0A3S1A393/A0A3S1C3L6/A0A3S0ZVF1/A0A433SSW1/A0A3S1BV91/A0A3S0ZUY9/A0A433U0R8/A0A3S1BXA1/A0A433TRZ6/A0A3S1BRI2/A0A433SZ91/A0A3S1BKG5/A0A433U7U3/A0A3S0ZWG1/A0A433TMI7/A0A3S1HLW5/A0A3S0ZZG5/A0A433SZD7/A0A3S0ZWN0/A0A433T5K5/A0A3S1BRN0/A0A3S0ZV71/A0A3S0Z7J8/A0A433SJ63/A0A433T9D5/A0A3S1B2V2/A0A3S1GZ19/A0A3S1AZM0/A0A3S0Z8N9/A0A3S1H348/A0A433TQS6/A0A3S1BRX8/A0A3S0ZK23/A0A3S1HYM2/A0A433SXN0/A0A3S0ZSN6/A0A3S1BNB8/A0A3S0ZNE5/A0A3S1B3Q2/A0A3S1BFS0/A0A3S1BKM9/A0A3S1CB54/A0A3S1HCC7/A0A3S1B0F7/A0A3S1BXI0/A0A3S1BVE6/A0A433U0L0/A0A433SZ85/A0A433TTZ4/A0A3S1A3P7/A0A3S1A2Z1/A0A3S1HGW7/A0A433TRH9/A0A433SMW0/A0A3S0ZKI4/A0A433SN85/A0A433SS78/A0A433TSI9/A0A433SNK8/A0A3S1BKQ8/A0A433SJH8/A0A433UD54/A0A3S0ZBU1/A0A3S0Z927/A0A433U6I0/A0A433UB23/A0A3S0ZXJ9/A0A433T9S8/A0A3S1A337/A0A3S1CCX1/A0A433U2V8/A0A433T6X7/A0A433U065/A0A433TJB5/A0A433TJK0/A0A433U097/A0A3S1A8W4/A0A433TR10	99
GO:0022848	acetylcholine-gated monoatomic cation-selective channel activity	9/2575	16/13065	0.0013125862378473817	0.026230554011175904	0.023577525291044652	A0A3S1ATH0/A0A433TIU6/A0A3S1HKM4/A0A3S1A393/A0A3S1C3L6/A0A3S1BKM9/A0A3S1CB54/A0A433U0L0/A0A433SNK8	9
GO:0099529	neurotransmitter receptor activity involved in regulation of postsynaptic membrane potential	9/2575	16/13065	0.0013125862378473817	0.026230554011175904	0.023577525291044652	A0A3S1ATH0/A0A433TIU6/A0A3S1HKM4/A0A3S1A393/A0A3S1C3L6/A0A3S1BKM9/A0A3S1CB54/A0A433U0L0/A0A433SNK8	9
GO:1904315	transmitter-gated monoatomic ion channel activity involved in regulation of postsynaptic membrane potential	9/2575	16/13065	0.0013125862378473817	0.026230554011175904	0.023577525291044652	A0A3S1ATH0/A0A433TIU6/A0A3S1HKM4/A0A3S1A393/A0A3S1C3L6/A0A3S1BKM9/A0A3S1CB54/A0A433U0L0/A0A433SNK8	9
GO:0042221	response to chemical	32/2575	97/13065	0.0013635230183030814	0.026815952693293937	0.02410371517735439	A0A433TE92/A0A3S1C043/A0A433TQK8/A0A3S0ZLE0/A0A3S1A034/A0A433UAQ4/A0A3S1A6J1/A0A433TR19/A0A433TCT7/A0A3S0ZKW4/A0A433TNA0/A0A433TAB2/A0A3S1BAM9/A0A433SXU8/A0A3S1I4G0/A0A3S0ZH40/A0A433TNX4/A0A3S1AXS3/A0A433TXC8/A0A3S0ZXR4/A0A3S1CCE7/A0A3S0ZC49/A0A3S1A915/A0A3S0ZGL0/A0A3S1B500/A0A433TXM5/A0A3S0ZIC7/A0A3S0ZG89/A0A3S0ZLT1/A0A3S1HGM1/A0A3S0ZKH8/A0A433T4J0	32
GO:0051321	meiotic cell cycle	11/2575	22/13065	0.0013881293565213397	0.02687331676140531	0.024155277289466738	A0A433T5N4/A0A433SSC2/A0A433UAB3/A0A3S1HAQ1/A0A3S1BKI5/A0A433T1P3/A0A433U7V7/A0A3S1HJT6/A0A433U7F0/A0A3S1BRT6/A0A3S0ZK64	11
GO:0007155	cell adhesion	39/2575	125/13065	0.001451983748554157	0.027677044068593854	0.024877713457008878	A0A3S1C7Y3/A0A3S1AB56/A0A433TLE7/A0A3S1C420/A0A433TYB3/A0A433U7P8/A0A433U772/A0A3S1AG11/A0A3S1C452/A0A433TAB2/A0A3S1BPA7/A0A433U6U6/A0A3S0ZXT5/A0A433TZ38/A0A3S1HEC5/A0A433SJ17/A0A3S1BJS0/A0A433U9M1/A0A3S1H671/A0A433T520/A0A3S1A0S6/A0A3S0ZW27/A0A3S0ZGL0/A0A433TXM5/A0A3S1AFH8/A0A3S0ZA72/A0A433SLD9/A0A3S0ZIC7/A0A433UAT1/A0A3S1AG03/A0A433TM27/A0A3S0ZEK9/A0A3S0ZKB3/A0A433SV88/A0A3S1BPH4/A0A3S0ZTU9/A0A3S1BK66/A0A3S1BFP5/A0A3S1BK41	39
GO:0009605	response to external stimulus	18/2575	46/13065	0.0018273118747136553	0.03430362746621544	0.030834066402664232	A0A3S1BR14/A0A433TKG6/A0A3S1B258/A0A433UBN6/A0A433TEK8/A0A433TGD0/A0A433TAB2/A0A3S1B5V7/A0A433TTY2/A0A433TWK0/A0A3S1B4A2/A0A3S0ZXR4/A0A433TJL9/A0A433TJN2/A0A3S0ZGL0/A0A433TXM5/A0A3S0ZIC7/A0A433TTL0	18
GO:0030054	cell junction	29/2575	87/13065	0.001872784089161826	0.034632529648828396	0.031129702534693042	A0A3S1ASE2/A0A433TZQ4/A0A3S1B3L9/A0A3S0ZU29/A0A3S1ATH0/A0A3S0ZDB5/A0A433TIU6/A0A3S1HKM4/A0A433T855/A0A3S1A393/A0A3S1C3L6/A0A3S0ZH40/A0A433SNM1/A0A3S0ZXR4/A0A3S1BKM9/A0A3S1CB54/A0A3S1B0F7/A0A433U0L0/A0A3S1HGW7/A0A433SNK8/A0A3S1BED9/A0A3S1BZC8/A0A433UAT1/A0A3S0ZLT1/A0A3S0ZXJ9/A0A433U065/A0A3S0ZKH8/A0A433TJK0/A0A433U097	29
GO:0030546	signaling receptor activator activity	15/2575	36/13065	0.0020784733203159478	0.03678897776959227	0.033068041697658236	A0A3S1BRX1/A0A433TUD5/A0A433TNJ0/A0A433TKK5/A0A433U5L4/A0A3S1BH86/A0A3S1BN08/A0A433U560/A0A3S1BML3/A0A433TC42/A0A3S1HTB4/A0A3S1HU29/A0A3S1BBW5/A0A433U854/A0A3S0ZAY7	15
GO:0044183	protein folding chaperone	15/2575	36/13065	0.0020784733203159478	0.03678897776959227	0.033068041697658236	A0A3S1BB66/A0A3S0Z6Y2/A0A3S1GZU2/A0A433TSV8/A0A3S1CAN8/A0A3S1B8T0/A0A3S0ZY57/A0A3S0ZKM8/A0A3S1H059/A0A433SPK8/A0A433SJL8/A0A3S1BJY6/A0A433SQL8/A0A433TFR9/A0A3S1B6K9	15
GO:0048018	receptor ligand activity	15/2575	36/13065	0.0020784733203159478	0.03678897776959227	0.033068041697658236	A0A3S1BRX1/A0A433TUD5/A0A433TNJ0/A0A433TKK5/A0A433U5L4/A0A3S1BH86/A0A3S1BN08/A0A433U560/A0A3S1BML3/A0A433TC42/A0A3S1HTB4/A0A3S1HU29/A0A3S1BBW5/A0A433U854/A0A3S0ZAY7	15
GO:0009308	amine metabolic process	11/2575	23/13065	0.0021905425093978526	0.0370715217479422	0.03332200841877818	A0A3S1HD46/A0A3S1B306/A0A433T5Y5/A0A3S1AVV0/A0A3S1A2X3/A0A3S1BGV3/A0A433SM60/A0A433T972/A0A3S1H7R0/A0A433SRE5/A0A3S1BAB7	11
GO:0004857	enzyme inhibitor activity	23/2575	65/13065	0.0022372619943410053	0.0370715217479422	0.03332200841877818	A0A3S1HHS5/A0A433SS89/A0A433TAH2/A0A3S1BFN2/A0A3S1HNZ9/A0A3S1A3F0/A0A3S1HCF5/A0A433SQ17/A0A3S1BU76/A0A3S1BKP2/A0A433TEQ8/A0A3S1A1R2/A0A3S1AVC4/A0A3S0ZRY3/A0A433U425/A0A433SWR0/A0A3S1BLM3/A0A3S1CD37/A0A433TZB2/A0A3S0ZBX0/A0A433TBS6/A0A3S1H8G5/A0A3S0ZZ90	23
GO:0005231	excitatory extracellular ligand-gated monoatomic ion channel activity	9/2575	17/13065	0.002303879882640476	0.0370715217479422	0.03332200841877818	A0A3S1ATH0/A0A433TIU6/A0A3S1HKM4/A0A3S1A393/A0A3S1C3L6/A0A3S1BKM9/A0A3S1CB54/A0A433U0L0/A0A433SNK8	9
GO:0042391	regulation of membrane potential	9/2575	17/13065	0.002303879882640476	0.0370715217479422	0.03332200841877818	A0A3S1ATH0/A0A433TIU6/A0A3S1HKM4/A0A3S1A393/A0A3S1C3L6/A0A3S1BKM9/A0A3S1CB54/A0A433U0L0/A0A433SNK8	9
GO:0060078	regulation of postsynaptic membrane potential	9/2575	17/13065	0.002303879882640476	0.0370715217479422	0.03332200841877818	A0A3S1ATH0/A0A433TIU6/A0A3S1HKM4/A0A3S1A393/A0A3S1C3L6/A0A3S1BKM9/A0A3S1CB54/A0A433U0L0/A0A433SNK8	9
GO:0060079	excitatory postsynaptic potential	9/2575	17/13065	0.002303879882640476	0.0370715217479422	0.03332200841877818	A0A3S1ATH0/A0A433TIU6/A0A3S1HKM4/A0A3S1A393/A0A3S1C3L6/A0A3S1BKM9/A0A3S1CB54/A0A433U0L0/A0A433SNK8	9
GO:0099565	chemical synaptic transmission, postsynaptic	9/2575	17/13065	0.002303879882640476	0.0370715217479422	0.03332200841877818	A0A3S1ATH0/A0A433TIU6/A0A3S1HKM4/A0A3S1A393/A0A3S1C3L6/A0A3S1BKM9/A0A3S1CB54/A0A433U0L0/A0A433SNK8	9
GO:0030414	peptidase inhibitor activity	21/2575	58/13065	0.0024788418277019797	0.03937544903234299	0.035392910306460114	A0A3S1HHS5/A0A433SS89/A0A433TAH2/A0A3S1BFN2/A0A3S1HNZ9/A0A3S1A3F0/A0A3S1HCF5/A0A433SQ17/A0A3S1BU76/A0A3S1BKP2/A0A433TEQ8/A0A3S1A1R2/A0A3S1AVC4/A0A3S0ZRY3/A0A433U425/A0A3S1BLM3/A0A3S1CD37/A0A433TZB2/A0A433TBS6/A0A3S1H8G5/A0A3S0ZZ90	21
GO:0008652	amino acid biosynthetic process	17/2575	44/13065	0.002841367485556364	0.04456271284309284	0.04005552031603775	A0A3S1A575/A0A3S1BUS3/A0A3S1ASI1/A0A433SNQ2/A0A3S0ZCB5/A0A3S0ZBP2/A0A3S1ARZ5/A0A3S0ZWP2/A0A3S1BH45/A0A3S1I3S8/A0A433TA79/A0A3S1HIC0/A0A433TTH5/A0A433T8K7/A0A433T0P5/A0A433TXN9/A0A433U768	17
GO:0099094	ligand-gated monoatomic cation channel activity	12/2575	27/13065	0.0030114056971985888	0.046639145735363145	0.041921937205738245	A0A3S1ATH0/A0A433TIU6/A0A3S1HKM4/A0A3S1A393/A0A3S1C3L6/A0A3S1BRI2/A0A3S1B3Q2/A0A3S1BKM9/A0A3S1CB54/A0A433U0L0/A0A433SNK8/A0A433UB23	12
GO:0061134	peptidase regulator activity	21/2575	59/13065	0.003145909650069628	0.047439441406541404	0.04264128882215777	A0A3S1HHS5/A0A433SS89/A0A433TAH2/A0A3S1BFN2/A0A3S1HNZ9/A0A3S1A3F0/A0A3S1HCF5/A0A433SQ17/A0A3S1BU76/A0A3S1BKP2/A0A433TEQ8/A0A3S1A1R2/A0A3S1AVC4/A0A3S0ZRY3/A0A433U425/A0A3S1BLM3/A0A3S1CD37/A0A433TZB2/A0A433TBS6/A0A3S1H8G5/A0A3S0ZZ90	21
GO:1901607	alpha-amino acid biosynthetic process	16/2575	41/13065	0.00332615106517512	0.047439441406541404	0.04264128882215777	A0A3S1A575/A0A3S1BUS3/A0A3S1ASI1/A0A433SNQ2/A0A3S0ZCB5/A0A3S0ZBP2/A0A3S1ARZ5/A0A3S0ZWP2/A0A3S1BH45/A0A3S1I3S8/A0A433TA79/A0A433TTH5/A0A433T8K7/A0A433T0P5/A0A433TXN9/A0A433U768	16
GO:0004970	ionotropic glutamate receptor activity	11/2575	24/13065	0.003331098791258355	0.047439441406541404	0.04264128882215777	A0A433T855/A0A433TMI7/A0A3S0ZV71/A0A433T9D5/A0A3S1GZ19/A0A3S1BNV8/A0A3S1HGW7/A0A3S0ZXJ9/A0A433U065/A0A433TJK0/A0A433U097	11
GO:0008066	glutamate receptor activity	11/2575	24/13065	0.003331098791258355	0.047439441406541404	0.04264128882215777	A0A433T855/A0A433TMI7/A0A3S0ZV71/A0A433T9D5/A0A3S1GZ19/A0A3S1BNV8/A0A3S1HGW7/A0A3S0ZXJ9/A0A433U065/A0A433TJK0/A0A433U097	11
GO:0008188	neuropeptide receptor activity	11/2575	24/13065	0.003331098791258355	0.047439441406541404	0.04264128882215777	A0A3S1BAM9/A0A3S0ZHE7/A0A3S0ZDM2/A0A433SM61/A0A433TJ46/A0A433T5N9/A0A3S0ZSY2/A0A433U9S8/A0A433UAT7/A0A3S1HNE0/A0A433TBF0	11
GO:0035235	ionotropic glutamate receptor signaling pathway	11/2575	24/13065	0.003331098791258355	0.047439441406541404	0.04264128882215777	A0A433T855/A0A433TMI7/A0A3S0ZV71/A0A433T9D5/A0A3S1GZ19/A0A3S1BNV8/A0A3S1HGW7/A0A3S0ZXJ9/A0A433U065/A0A433TJK0/A0A433U097	11
GO:1990806	ligand-gated ion channel signaling pathway	11/2575	24/13065	0.003331098791258355	0.047439441406541404	0.04264128882215777	A0A433T855/A0A433TMI7/A0A3S0ZV71/A0A433T9D5/A0A3S1GZ19/A0A3S1BNV8/A0A3S1HGW7/A0A3S0ZXJ9/A0A433U065/A0A433TJK0/A0A433U097	11
GO:0006811	monoatomic ion transport	110/2575	440/13065	0.0033737758931773674	0.04750123104144044	0.042696828887340374	A0A3S1BKU6/A0A3S0ZXP7/A0A3S0ZJW4/A0A3S1BZG9/A0A3S1HZJ1/A0A433TC31/A0A3S1BGH4/A0A433SY69/A0A3S0ZBZ6/A0A433U1W1/A0A3S1BDP5/A0A3S0Z7D0/A0A3S1AVG6/A0A3S1ATH0/A0A433T9Q5/A0A3S1ARV9/A0A3S0ZIZ5/A0A433TDE3/A0A433TIU6/A0A3S0ZXF1/A0A433TER2/A0A3S1BTS9/A0A433TTC4/A0A3S1BBF5/A0A3S1HKM4/A0A433TX36/A0A433T855/A0A3S1A393/A0A3S1C3L6/A0A3S0ZVF1/A0A433SSW1/A0A3S0ZL71/A0A3S1BV91/A0A3S0ZUY9/A0A433U0R8/A0A3S0ZMM2/A0A3S1BXA1/A0A433TRZ6/A0A3S1BRI2/A0A433SZ91/A0A3S1BKG5/A0A433U7U3/A0A3S0ZWG1/A0A433TMI7/A0A3S1C443/A0A3S1HLW5/A0A3S0ZZG5/A0A433SZD7/A0A3S0ZWN0/A0A433T5K5/A0A3S1BRN0/A0A3S0ZV71/A0A3S0Z7J8/A0A433SJ63/A0A433T9D5/A0A3S1B2V2/A0A3S1GZ19/A0A3S1AZM0/A0A3S0Z8N9/A0A3S1H348/A0A433TQS6/A0A3S1BRX8/A0A3S0ZK23/A0A3S1HYM2/A0A433SXN0/A0A3S0ZSN6/A0A3S1BNB8/A0A3S0ZNE5/A0A3S1B3Q2/A0A3S1BFS0/A0A3S0ZVY7/A0A3S1BKM9/A0A3S1CB54/A0A3S1HCC7/A0A3S1B0F7/A0A3S1BXI0/A0A3S1BVE6/A0A3S1CCW5/A0A433U0L0/A0A433SZ85/A0A433TTZ4/A0A3S1A3P7/A0A3S1A2Z1/A0A3S1HGW7/A0A433TRH9/A0A433SMW0/A0A3S0ZKI4/A0A433SN85/A0A433SS78/A0A433TSI9/A0A433SNK8/A0A3S1BKQ8/A0A433SJH8/A0A433UD54/A0A3S0ZBU1/A0A3S0Z927/A0A433U6I0/A0A433UB23/A0A3S0ZXJ9/A0A433T9S8/A0A3S1A337/A0A3S1CCX1/A0A433U2V8/A0A433T6X7/A0A433U065/A0A433TJB5/A0A433TJK0/A0A433U097/A0A3S1A8W4/A0A433TR10	110
GO:0009067	aspartate family amino acid biosynthetic process	7/2575	12/13065	0.0035605685516575856	0.049567915005660095	0.044554482881770864	A0A3S1A575/A0A3S1BUS3/A0A3S0ZBP2/A0A3S1ARZ5/A0A3S0ZWP2/A0A3S1I3S8/A0A433U768	7
